[{"trigger":2,"type":"EarthLevel","x":0,"y":0,"z":0},{"trigger":22,"type":"Wreckage","x":-100,"y":-250,"z":1200},{"trigger":28,"type":"Wreckage","x":100,"y":-50,"z":1200},{"trigger":35,"type":"Smart2","x":280,"y":0,"z":600},{"trigger":37,"type":"Smart2","x":200,"y":0,"z":600},{"trigger":38,"type":"Smart1","x":-300,"y":0,"z":700},{"trigger":39,"type":"Smart1","x":300,"y":0,"z":700},{"trigger":40,"type":"Item","x":250,"y":0,"z":700, "kind":"Laser Item"},{"trigger":41,"type":"Item","x":0,"y":0,"z":700, "kind":"Nuke Item"},{"trigger":42,"type":"Item","x":-250,"y":0,"z":700, "kind":"Health Item"},{"trigger":43,"type":"Smart2","x":300,"y":0,"z":200},{"trigger":44,"type":"Smart2","x":-300,"y":0,"z":200},{"trigger":45,"type":"Wreckage","x":100,"y":250,"z":1200},{"trigger":47,"type":"Shooter","x":-300,"y":0,"z":700,"xVel":4,"zVel":-8},{"trigger":48,"type":"Shooter","x":300,"y":0,"z":700,"xVel":-4,"zVel":-8},{"trigger":49,"type":"Smart1","x":-300,"y":0,"z":700},{"trigger":50,"type":"Smart1","x":300,"y":0,"z":700},{"trigger":51,"type":"Smart2","x":300,"y":0,"z":500},{"trigger":52,"type":"Smart2","x":-300,"y":0,"z":500},{"trigger":54,"type":"Shooter","x":300,"y":0,"z":700,"xVel":-4,"zVel":-8},
{"trigger":54,"type":"Shooter","x":-300,"y":0,"z":700,"xVel":4,"zVel":-8},{"trigger":57,"type":"Smart2","x":100,"y":0,"z":700},{"trigger":58,"type":"Smart1","x":-300,"y":0,"z":700},{"trigger":59,"type":"Smart1","x":300,"y":0,"z":700},{"trigger":60,"type":"Wreckage","x":-300,"y":200,"z":1200},{"trigger":62,"type":"Smart2","x":0,"y":0,"z":700},{"trigger":64,"type":"Smart2","x":0,"y":0,"z":700},{"trigger":66,"type":"Smart2","x":0,"y":0,"z":700},{"trigger":68,"type":"Smart2","x":0,"y":0,"z":700},{"trigger":71,"type":"Shooter","x":-400,"y":0,"z":700,"xVel":6,"zVel":-8},{"trigger":72,"type":"Smart2","x":100,"y":0,"z":700},{"trigger":73,"type":"Shooter","x":400,"y":0,"z":700,"xVel":-6,"zVel":-8},{"trigger":75,"type":"Wreckage","x":-200,"y":-250,"z":1200},{"trigger":80,"type":"Wreckage","x":200,"y":-300,"z":1200},{"trigger":82,"type":"Smart2","x":100,"y":0,"z":700},{"trigger":85,"type":"Smart2","x":100,"y":0,"z":700},{"trigger":87,"type":"Smart2","x":100,"y":0,"z":700},{"trigger":94,"type":"Wreckage","x":-400,"y":-200,"z":1200},{"trigger":96,"type":"Shooter","x":100,"y":0,"z":700,"xVel":0,"zVel":-10},{"trigger":97,"type":"Shooter","x":-100,"y":0,"z":700,"xVel":0,"zVel":-10},{"trigger":98,"type":"Shooter","x":200,"y":0,"z":700,"xVel":0,"zVel":-10},{"trigger":99,"type":"Shooter","x":-200,"y":0,"z":700,"xVel":0,"zVel":-10},{"trigger":100,"type":"Wreckage","x":400,"y":-300,"z":1200},{"trigger":102,"type":"Smart2","x":0,"y":0,"z":700},{"trigger":104,"type":"Smart2","x":-100,"y":0,"z":700},{"trigger":105,"type":"Wreckage","x":-250,"y":250,"z":1200},{"trigger":106,"type":"Shooter","x":-300,"y":0,"z":700,"xVel":4,"zVel":-10},{"trigger":107,"type":"Shooter","x":-200,"y":0,"z":700,"xVel":4,"zVel":-10},{"trigger":108,"type":"Smart2","x":200,"y":0,"z":700},{"trigger":109,"type":"Shooter","x":300,"y":0,"z":700,"xVel":-4,"zVel":-10},{"trigger":110,"type":"Wreckage","x":-50,"y":-300,"z":1200},{"trigger":111,"type":"Shooter","x":200,"y":0,"z":700,"xVel":-4,"zVel":-10},{"trigger":112,"type":"Smart2","x":100,"y":0,"z":700},{"trigger":117,"type":"Smart1","x":-300,"y":0,"z":700},{"trigger":118,"type":"Smart1","x":300,"y":0,"z":700},{"trigger":120,"type":"Wreckage","x":-280,"y":-250,"z":700},{"trigger":122,"type":"Smart2","x":-200,"y":0,"z":700},{"trigger":123,"type":"Item","x":0,"y":0,"z":700, "kind":"Nuke Item"},{"trigger":125,"type":"Wreckage","x":40,"y":250,"z":1200},{"trigger":126,"type":"Smart2","x":-100,"y":0,"z":700},{"trigger":127,"type":"Smart2","x":-100,"y":0,"z":700},{"trigger":129,"type":"Smart2","x":-100,"y":0,"z":700},{"trigger":130,"type":"Wreckage","x":-20,"y":250,"z":700},
{"trigger":131,"type":"Wreckage","x":200,"y":-100,"z":1200},{"trigger":133,"type":"Smart2","x":0,"y":0,"z":700},{"trigger":139,"type":"Smart1","x":-400,"y":0,"z":700},{"trigger":141,"type":"Smart1","x":350,"y":0,"z":700},{"trigger":143,"type":"Smart1","x":-300,"y":0,"z":700},{"trigger":145,"type":"Smart1","x":250,"y":0,"z":700},{"trigger":147,"type":"Smart1","x":-200,"y":0,"z":700},{"trigger":148,"type":"Wreckage","x":-300,"y":-100,"z":1200},{"trigger":149,"type":"Smart1","x":150,"y":0,"z":700},{"trigger":151,"type":"Smart1","x":-100,"y":0,"z":700},{"trigger":153,"type":"Smart1","x":100,"y":0,"z":700},{"trigger":155,"type":"Smart1","x":0,"y":0,"z":700},{"trigger":157,"type":"Smart1","x":-200,"y":0,"z":700},{"trigger":159,"type":"Smart1","x":200,"y":0,"z":700},{"trigger":160,"type":"Wreckage","x":300,"y":-150,"z":1200},{"trigger":161,"type":"Smart1","x":-300,"y":0,"z":700},{"trigger":162,"type":"Smart1","x":300,"y":0,"z":700},{"trigger":165,"type":"Smart2","x":280,"y":0,"z":600},{"trigger":167,"type":"Smart2","x":200,"y":0,"z":600},{"trigger":171,"type":"Smart1","x":-300,"y":0,"z":700},{"trigger":173,"type":"Smart1","x":300,"y":0,"z":700},
{"trigger":177,"type":"Smart2","x":300,"y":0,"z":690},
{"trigger":179,"type":"Smart2","x":-300,"y":0,"z":680},
{"trigger":181,"type":"Smart2","x":300,"y":0,"z":670},
{"trigger":182,"type":"Smart2","x":-300,"y":0,"z":660},
{"trigger":183,"type":"Smart2","x":300,"y":0,"z":650},
{"trigger":185,"type":"Smart2","x":-300,"y":0,"z":640},
{"trigger":187,"type":"Wreckage","x":-300,"y":-100,"z":1200},
{"trigger":189,"type":"Wreckage","x":-300,"y":-100,"z":1200},
{"trigger":195,"type":"Shooter","x":-250,"y":0,"z":700,"xVel":5,"zVel":-10},
{"trigger":196,"type":"Shooter","x":-250,"y":0,"z":700,"xVel":5,"zVel":-10},
{"trigger":197,"type":"Shooter","x":-250,"y":0,"z":700,"xVel":5,"zVel":-10},
{"trigger":198,"type":"Shooter","x":-250,"y":0,"z":700,"xVel":5,"zVel":-10},
{"trigger":199,"type":"Shooter","x":-250,"y":0,"z":700,"xVel":5,"zVel":-10},
{"trigger":201,"type":"Shooter","x":250,"y":0,"z":700,"xVel":-5,"zVel":-10},
{"trigger":202,"type":"Shooter","x":250,"y":0,"z":700,"xVel":-5,"zVel":-10},
{"trigger":203,"type":"Shooter","x":250,"y":0,"z":700,"xVel":-5,"zVel":-10},
{"trigger":204,"type":"Shooter","x":250,"y":0,"z":700,"xVel":-5,"zVel":-10},{"trigger":205,"type":"Shooter","x":250,"y":0,"z":700,"xVel":-5,"zVel":-10},
{"trigger":208,"type":"Wreckage","x":-150,"y":-150,"z":1200},
{"trigger":209,"type":"Wreckage","x":-170,"y":-100,"z":1200},
{"trigger":211,"type":"Wreckage","x":-140,"y":-120,"z":1200},
{"trigger":214,"type":"Smart2","x":300,"y":0,"z":590},
{"trigger":215,"type":"Smart2","x":-300,"y":0,"z":570},
{"trigger":216,"type":"Smart2","x":300,"y":0,"z":550},
{"trigger":217,"type":"Smart2","x":-300,"y":0,"z":530},
{"trigger":218,"type":"Smart2","x":300,"y":0,"z":510},
{"trigger":219,"type":"Smart2","x":-300,"y":0,"z":490},{"trigger":221,"type":"Boss4IntroMusic"},
{"trigger":222,"type":"Item","x":150,"y":0,"z":700, "kind":"Health Item"},
{"trigger":224,"type":"Item","x":-250,"y":0,"z":700, "kind":"Health Item"},
{"trigger":226,"type":"Item","x":250,"y":0,"z":700, "kind":"Laser Item"},
{"trigger":228,"type":"Item","x":0,"y":0,"z":700, "kind":"Nuke Item"},
{"trigger":250,"type":"Boss4","x":0,"y":0,"z":400}]