[{"trigger":2,"type":"Skybox2","x":0,"y":0,"z":0},
{"trigger":3,"type":"Planet1","x":1100,"y":-500,"z":1400},
{"trigger":25,"type":"Item","x":200,"y":0,"z":700, "kind":"Nuke Item"},{"trigger":27,"type":"Item","x":-200,"y":0,"z":700, "kind":"Laser Item"},
{"trigger":30,"type":"GasCloud","x":-200,"y":-250,"z":1100},{"trigger":34,"type":"Drone","x":200,"y":0,"z":700,"xVel":-1,"zVel":-9},{"trigger":37,"type":"Drone","x":200,"y":0,"z":700,"xVel":2,"zVel":-8},{"trigger":44,"type":"Drone","x":-100,"y":0,"z":700,"xVel":-2,"zVel":-8},{"trigger":45,"type":"GasCloud","x":100,"y":150,"z":300},{"trigger":47,"type":"Drone","x":100,"y":0,"z":700,"xVel":1,"zVel":-9},{"trigger":51,"type":"Drone","x":100,"y":0,"z":700,"xVel":-3,"zVel":-8},{"trigger":52,"type":"Drone","x":-100,"y":0,"z":700,"xVel":3,"zVel":-10},{"trigger":58,"type":"Drone","x":100,"y":0,"z":700,"xVel":-2,"zVel":-10},{"trigger":60,"type":"GasCloud","x":-300,"y":100,"z":100},{"trigger":62,"type":"Drone","x":0,"y":0,"z":700,"xVel":1,"zVel":-10},{"trigger":64,"type":"Drone","x":0,"y":0,"z":700,"xVel":2,"zVel":-10},{"trigger":66,"type":"Drone","x":0,"y":0,"z":700,"xVel":-1,"zVel":-10},{"trigger":68,"type":"Drone","x":0,"y":0,"z":700,"xVel":-2,"zVel":-10},{"trigger":72,"type":"Drone","x":100,"y":0,"z":700,"xVel":1,"zVel":-10},{"trigger":80,"type":"GasCloud","x":200,"y":-300,"z":-100},{"trigger":82,"type":"Drone","x":100,"y":0,"z":700,"xVel":1,"zVel":-9},{"trigger":85,"type":"Drone","x":100,"y":0,"z":700,"xVel":1,"zVel":-9},{"trigger":87,"type":"Drone","x":100,"y":0,"z":700,"xVel":1,"zVel":-9},{"trigger":102,"type":"Drone","x":0,"y":0,"z":700,"xVel":2,"zVel":-10},{"trigger":104,"type":"Drone","x":-100,"y":0,"z":700,"xVel":-1,"zVel":-10},{"trigger":108,"type":"Drone","x":200,"y":0,"z":700,"xVel":0,"zVel":-11},{"trigger":110,"type":"GasCloud","x":-50,"y":-300,"z":200},{"trigger":112,"type":"Drone","x":100,"y":0,"z":700,"xVel":-2,"zVel":-9},
{"trigger":116,"type":"Drone","x":100,"y":0,"z":700,"xVel":-2,"zVel":-9},{"trigger":118,"type":"Drone","x":-100,"y":0,"z":700,"xVel":-2,"zVel":-9},
{"trigger":119,"type":"Drone","x":-200,"y":0,"z":700,"xVel":-2,"zVel":-9},{"trigger":122,"type":"Drone","x":-200,"y":0,"z":700,"xVel":0,"zVel":-11},{"trigger":126,"type":"Drone","x":-100,"y":0,"z":700,"xVel":3,"zVel":-10},{"trigger":129,"type":"Drone","x":-100,"y":0,"z":700,"xVel":3,"zVel":-10},{"trigger":133,"type":"Drone","x":0,"y":0,"z":700,"xVel":2,"zVel":-9},{"trigger":135,"type":"GasCloud","x":200,"y":-100,"z":-110},
{"trigger":137,"type":"Drone","x":0,"y":0,"z":700,"xVel":-1,"zVel":-10},{"trigger":139,"type":"Drone","x":0,"y":0,"z":700,"xVel":-2,"zVel":-10},{"trigger":142,"type":"Drone","x":100,"y":0,"z":700,"xVel":1,"zVel":-10},{"trigger":150,"type":"Drone","x":100,"y":0,"z":700,"xVel":1,"zVel":-9},{"trigger":151,"type":"Drone","x":200,"y":0,"z":700,"xVel":1,"zVel":-9},{"trigger":152,"type":"Drone","x":-100,"y":0,"z":700,"xVel":1,"zVel":-9},
{"trigger":153,"type":"Drone","x":-200,"y":0,"z":700,"xVel":1,"zVel":-9},
{"trigger":150,"type":"Drone","x":100,"y":0,"z":700,"xVel":1,"zVel":-9},{"trigger":155,"type":"GasCloud","x":200,"y":-250,"z":200},{"trigger":157,"type":"Drone","x":250,"y":0,"z":700,"xVel":-2,"zVel":-11},{"trigger":158,"type":"Drone","x":-150,"y":0,"z":700,"xVel":2,"zVel":-11},
{"trigger":159,"type":"Drone","x":-250,"y":0,"z":700,"xVel":3,"zVel":-11},
{"trigger":161,"type":"Drone","x":150,"y":0,"z":700,"xVel":2,"zVel":-11},{"trigger":163,"type":"Drone","x":130,"y":0,"z":700,"xVel":3,"zVel":-11},{"trigger":164,"type":"Drone","x":-130,"y":0,"z":700,"xVel":1,"zVel":-11},
{"trigger":166,"type":"Drone","x":-230,"y":0,"z":700,"xVel":-4,"zVel":-11},
{"trigger":168,"type":"Drone","x":130,"y":0,"z":700,"xVel":4,"zVel":-11},
{"trigger":170,"type":"GasCloud","x":50,"y":-100,"z":300},{"trigger":172,"type":"Drone","x":40,"y":0,"z":700,"xVel":-3,"zVel":-12},{"trigger":173,"type":"Drone","x":-50,"y":0,"z":700,"xVel":4,"zVel":-12},
{"trigger":174,"type":"Drone","x":-250,"y":0,"z":700,"xVel":5,"zVel":-12},
{"trigger":175,"type":"Drone","x":50,"y":0,"z":700,"xVel":3,"zVel":-12},{"trigger":176,"type":"Drone","x":30,"y":0,"z":700,"xVel":4,"zVel":-12},{"trigger":178,"type":"Drone","x":-130,"y":0,"z":700,"xVel":2,"zVel":-12},
{"trigger":180,"type":"Drone","x":-30,"y":0,"z":700,"xVel":-5,"zVel":-12},
{"trigger":182,"type":"Drone","x":130,"y":0,"z":700,"xVel":5,"zVel":-12},{"trigger":184,"type":"GasCloud","x":50,"y":-100,"z":300},{"trigger":185,"type":"Drone","x":40,"y":0,"z":700,"xVel":-3,"zVel":-13},{"trigger":186,"type":"Drone","x":-50,"y":0,"z":700,"xVel":4,"zVel":-13},
{"trigger":188,"type":"Drone","x":-250,"y":0,"z":700,"xVel":5,"zVel":-13},
{"trigger":189,"type":"Drone","x":50,"y":0,"z":700,"xVel":3,"zVel":-13},{"trigger":191,"type":"Drone","x":30,"y":0,"z":700,"xVel":4,"zVel":-13},{"trigger":192,"type":"Drone","x":-130,"y":0,"z":700,"xVel":2,"zVel":-13},
{"trigger":193,"type":"Drone","x":-30,"y":0,"z":700,"xVel":-5,"zVel":-13},
{"trigger":194,"type":"Drone","x":130,"y":0,"z":700,"xVel":5,"zVel":-13},
{"trigger":225,"type":"Item","x":100,"y":0,"z":700, "kind":"Nuke Item"},{"trigger":226,"type":"Item","x":-100,"y":0,"z":700, "kind":"Health Item"},
{"trigger":250,"type":"Boss1","x":0,"y":0,"z":400}]