[{"trigger":2,"type":"Skybox","x":0,"y":0,"z":0},
{"trigger":3,"type":"Earth","x":-600,"y":-200,"z":1700},{"trigger":35,"type":"Drone","x":280,"y":0,"z":700,"xVel":-3,"zVel":-11},{"trigger":37,"type":"Drone","x":200,"y":0,"z":700,"xVel":2,"zVel":-8},{"trigger":38,"type":"Smart1","x":-300,"y":0,"z":700},{"trigger":39,"type":"Smart1","x":300,"y":0,"z":700},{"trigger":40,"type":"Item","x":-150,"y":0,"z":700, "kind":"Laser Item"},{"trigger":41,"type":"Item","x":0,"y":0,"z":700, "kind":"Nuke Item"},{"trigger":42,"type":"Item","x":150,"y":0,"z":700, "kind":"Health Item"},{"trigger":43,"type":"Drone","x":100,"y":0,"z":700,"xVel":1,"zVel":-9},{"trigger":44,"type":"Drone","x":200,"y":0,"z":700,"xVel":2,"zVel":-11},{"trigger":45,"type":"Asteroid","x":100,"y":250,"z":1200},{"trigger":47,"type":"Shooter","x":-300,"y":0,"z":700,"xVel":4,"zVel":-8},{"trigger":48,"type":"Shooter","x":300,"y":0,"z":700,"xVel":-4,"zVel":-8},{"trigger":49,"type":"Smart1","x":-300,"y":0,"z":700},{"trigger":50,"type":"Smart1","x":300,"y":0,"z":700},{"trigger":51,"type":"Drone","x":100,"y":0,"z":700,"xVel":-3,"zVel":-8},{"trigger":52,"type":"Drone","x":-100,"y":0,"z":700,"xVel":3,"zVel":-10},{"trigger":54,"type":"Shooter","x":300,"y":0,"z":700,"xVel":-4,"zVel":-8},
{"trigger":54,"type":"Shooter","x":-300,"y":0,"z":700,"xVel":4,"zVel":-8},{"trigger":57,"type":"Drone","x":100,"y":0,"z":700,"xVel":-2,"zVel":-10},{"trigger":58,"type":"Smart1","x":-300,"y":0,"z":700},{"trigger":59,"type":"Smart1","x":300,"y":0,"z":700},{"trigger":60,"type":"Asteroid","x":-300,"y":200,"z":1200},{"trigger":62,"type":"Drone","x":0,"y":0,"z":700,"xVel":1,"zVel":-10},{"trigger":64,"type":"Drone","x":0,"y":0,"z":700,"xVel":2,"zVel":-10},{"trigger":66,"type":"Drone","x":0,"y":0,"z":700,"xVel":-1,"zVel":-10},{"trigger":68,"type":"Drone","x":0,"y":0,"z":700,"xVel":-2,"zVel":-10},{"trigger":70,"type":"Item","x":250,"y":0,"z":700, "kind":"Health Item"},{"trigger":71,"type":"Shooter","x":-400,"y":0,"z":700,"xVel":6,"zVel":-8},{"trigger":72,"type":"Drone","x":100,"y":0,"z":700,"xVel":1,"zVel":-10},{"trigger":73,"type":"Shooter","x":400,"y":0,"z":700,"xVel":-6,"zVel":-8},{"trigger":75,"type":"Asteroid","x":-200,"y":-250,"z":1200},{"trigger":80,"type":"Asteroid","x":200,"y":-300,"z":1200},{"trigger":82,"type":"Drone","x":100,"y":0,"z":700,"xVel":1,"zVel":-9},{"trigger":85,"type":"Drone","x":100,"y":0,"z":700,"xVel":1,"zVel":-9},{"trigger":87,"type":"Drone","x":100,"y":0,"z":700,"xVel":1,"zVel":-9},{"trigger":94,"type":"Asteroid","x":-400,"y":-200,"z":1200},{"trigger":96,"type":"Shooter","x":100,"y":0,"z":700,"xVel":0,"zVel":-10},{"trigger":97,"type":"Shooter","x":-100,"y":0,"z":700,"xVel":0,"zVel":-10},{"trigger":98,"type":"Shooter","x":200,"y":0,"z":700,"xVel":0,"zVel":-10},{"trigger":99,"type":"Shooter","x":-200,"y":0,"z":700,"xVel":0,"zVel":-10},{"trigger":100,"type":"Asteroid","x":400,"y":-300,"z":1200},{"trigger":102,"type":"Drone","x":0,"y":0,"z":700,"xVel":2,"zVel":-10},{"trigger":104,"type":"Drone","x":-100,"y":0,"z":700,"xVel":-1,"zVel":-10},{"trigger":105,"type":"Asteroid","x":-250,"y":250,"z":1200},{"trigger":106,"type":"Shooter","x":-300,"y":0,"z":700,"xVel":4,"zVel":-10},{"trigger":107,"type":"Shooter","x":-200,"y":0,"z":700,"xVel":4,"zVel":-10},{"trigger":108,"type":"Drone","x":200,"y":0,"z":700,"xVel":0,"zVel":-11},{"trigger":109,"type":"Shooter","x":300,"y":0,"z":700,"xVel":-4,"zVel":-10},{"trigger":110,"type":"Asteroid","x":-50,"y":-300,"z":1200},{"trigger":111,"type":"Shooter","x":200,"y":0,"z":700,"xVel":-4,"zVel":-10},{"trigger":112,"type":"Drone","x":100,"y":0,"z":700,"xVel":-2,"zVel":-9},{"trigger":115,"type":"Item","x":-200,"y":0,"z":700, "kind":"Nuke Item"},{"trigger":117,"type":"Smart1","x":-300,"y":0,"z":700},{"trigger":118,"type":"Smart1","x":300,"y":0,"z":700},{"trigger":120,"type":"Asteroid","x":-280,"y":-250,"z":700},{"trigger":122,"type":"Drone","x":-200,"y":0,"z":700,"xVel":0,"zVel":-11},{"trigger":125,"type":"Asteroid","x":40,"y":250,"z":1200},{"trigger":126,"type":"Drone","x":-100,"y":0,"z":700,"xVel":3,"zVel":-10},{"trigger":127,"type":"Drone","x":-100,"y":0,"z":700,"xVel":3,"zVel":-10},{"trigger":129,"type":"Drone","x":-100,"y":0,"z":700,"xVel":3,"zVel":-10},{"trigger":130,"type":"Asteroid","x":-20,"y":250,"z":700},{"trigger":133,"type":"Drone","x":0,"y":0,"z":700,"xVel":2,"zVel":-9},{"trigger":135,"type":"Asteroid","x":200,"y":-100,"z":1200},{"trigger":139,"type":"Smart1","x":-400,"y":0,"z":700},{"trigger":141,"type":"Smart1","x":350,"y":0,"z":700},{"trigger":143,"type":"Smart1","x":-300,"y":0,"z":700},{"trigger":145,"type":"Smart1","x":250,"y":0,"z":700},{"trigger":147,"type":"Smart1","x":-200,"y":0,"z":700},{"trigger":149,"type":"Smart1","x":150,"y":0,"z":700},{"trigger":151,"type":"Smart1","x":-100,"y":0,"z":700},{"trigger":152,"type":"Asteroid","x":-200,"y":-200,"z":1200},{"trigger":153,"type":"Smart1","x":100,"y":0,"z":700},{"trigger":155,"type":"Smart1","x":0,"y":0,"z":700},{"trigger":157,"type":"Smart1","x":-200,"y":0,"z":700},{"trigger":159,"type":"Smart1","x":200,"y":0,"z":700},{"trigger":161,"type":"Smart1","x":-300,"y":0,"z":700},{"trigger":162,"type":"Smart1","x":300,"y":0,"z":700},{"trigger":164,"type":"Asteroid","x":200,"y":-100,"z":1200},{"trigger":165,"type":"Asteroid","x":300,"y":-200,"z":1200},{"trigger":166,"type":"Asteroid","x":-300,"y":150,"z":1200},{"trigger":169,"type":"Shooter","x":100,"y":0,"z":700,"xVel":-4,"zVel":-12},{"trigger":171,"type":"Shooter","x":-100,"y":0,"z":700,"xVel":4,"zVel":-12},{"trigger":172,"type":"Shooter","x":200,"y":0,"z":700,"xVel":0,"zVel":-12},{"trigger":173,"type":"Shooter","x":-200,"y":0,"z":700,"xVel":0,"zVel":-12},{"trigger":175,"type":"Smart1","x":100,"y":0,"z":700},{"trigger":176,"type":"Asteroid","x":300,"y":-200,"z":1200},{"trigger":177,"type":"Smart1","x":0,"y":0,"z":700},{"trigger":178,"type":"Smart1","x":0,"y":0,"z":700},{"trigger":179,"type":"Smart1","x":0,"y":0,"z":700},{"trigger":180,"type":"Smart1","x":0,"y":0,"z":700},{"trigger":181,"type":"Asteroid","x":-300,"y":-200,"z":1200},{"trigger":182,"type":"Asteroid","x":300,"y":-200,"z":1200},{"trigger":183,"type":"Smart1","x":200,"y":0,"z":700},{"trigger":184,"type":"Smart1","x":210,"y":0,"z":700},{"trigger":185,"type":"Smart1","x":220,"y":0,"z":700},{"trigger":186,"type":"Smart1","x":230,"y":0,"z":700},{"trigger":187,"type":"Asteroid","x":300,"y":-200,"z":1200},{"trigger":188,"type":"Smart1","x":-200,"y":0,"z":700},{"trigger":189,"type":"Smart1","x":-210,"y":0,"z":700},{"trigger":190,"type":"Smart1","x":-220,"y":0,"z":700},{"trigger":191,"type":"Smart1","x":-230,"y":0,"z":700},{"trigger":192,"type":"Asteroid","x":200,"y":-100,"z":1200},{"trigger":193,"type":"Asteroid","x":100,"y":-300,"z":1200},{"trigger":194,"type":"Asteroid","x":-300,"y":150,"z":1200},{"trigger":195,"type":"Asteroid","x":350,"y":-200,"z":1200},{"trigger":196,"type":"Asteroid","x":50,"y":-250,"z":1200},{"trigger":197,"type":"Asteroid","x":-300,"y":150,"z":1200},{"trigger":200,"type":"Smart1","x":-400,"y":0,"z":700},{"trigger":201,"type":"Smart1","x":350,"y":0,"z":700},{"trigger":202,"type":"Smart1","x":-300,"y":0,"z":700},{"trigger":203,"type":"Smart1","x":250,"y":0,"z":700},{"trigger":204,"type":"Smart1","x":-200,"y":0,"z":700},{"trigger":205,"type":"Smart1","x":150,"y":0,"z":700},{"trigger":206,"type":"Smart1","x":-100,"y":0,"z":700},{"trigger":207,"type":"Item","x":-150,"y":0,"z":700, "kind":"Laser Item"},{"trigger":208,"type":"Item","x":0,"y":0,"z":700, "kind":"Nuke Item"},{"trigger":209,"type":"Item","x":150,"y":0,"z":700, "kind":"Health Item"},{"trigger":210,"type":"Asteroid","x":-200,"y":-200,"z":1200},{"trigger":211,"type":"Smart1","x":100,"y":0,"z":700},{"trigger":212,"type":"Smart1","x":0,"y":0,"z":700},{"trigger":213,"type":"Smart1","x":-200,"y":0,"z":700},{"trigger":214,"type":"Smart1","x":200,"y":0,"z":700},{"trigger":215,"type":"Smart1","x":-300,"y":0,"z":700},{"trigger":216,"type":"Smart1","x":300,"y":0,"z":700},
{"trigger":218,"type":"Asteroid","x":-300,"y":-250,"z":1200},{"trigger":220,"type":"Asteroid","x":-100,"y":-200,"z":1200},{"trigger":222,"type":"Asteroid","x":400,"y":-110,"z":1200},{"trigger":225,"type":"Asteroid","x":-400,"y":-300,"z":1200},{"trigger":250,"type":"Boss3","x":0,"y":0,"z":400}]