[{"trigger":2,"type":"Skybox","x":0,"y":0,"z":0},
{"trigger":3,"type":"StarField","x":-700,"y":-300,"z":1300},
{"trigger":20,"type":"Asteroid","x":250,"y":350,"z":1200},{"trigger":24,"type":"Item","x":150,"y":0,"z":700, "kind":"Health Item"},{"trigger":25,"type":"Item","x":0,"y":0,"z":700, "kind":"Laser Item"},{"trigger":26,"type":"Item","x":-150,"y":0,"z":700, "kind":"Nuke Item"},{"trigger":30,"type":"Asteroid","x":-200,"y":-250,"z":1200},{"trigger":34,"type":"Drone","x":200,"y":0,"z":700,"xVel":-1,"zVel":-9},
{"trigger":35,"type":"Drone","x":280,"y":0,"z":700,"xVel":-3,"zVel":-11},{"trigger":37,"type":"Drone","x":200,"y":0,"z":700,"xVel":2,"zVel":-8},{"trigger":42,"type":"Drone","x":100,"y":0,"z":700,"xVel":1,"zVel":-9},
{"trigger":41,"type":"Drone","x":200,"y":0,"z":700,"xVel":2,"zVel":-11},{"trigger":44,"type":"Drone","x":-100,"y":0,"z":700,"xVel":-2,"zVel":-8},{"trigger":45,"type":"Asteroid","x":100,"y":250,"z":1200},
{"trigger":47,"type":"Shooter","x":-300,"y":0,"z":700,"xVel":4,"zVel":-8},
{"trigger":48,"type":"Shooter","x":300,"y":0,"z":700,"xVel":-4,"zVel":-8},{"trigger":51,"type":"Drone","x":100,"y":0,"z":700,"xVel":-3,"zVel":-8},{"trigger":52,"type":"Drone","x":-100,"y":0,"z":700,"xVel":3,"zVel":-10},
{"trigger":54,"type":"Shooter","x":300,"y":0,"z":700,"xVel":-4,"zVel":-8},
{"trigger":55,"type":"Shooter","x":-300,"y":0,"z":700,"xVel":4,"zVel":-8},{"trigger":58,"type":"Drone","x":100,"y":0,"z":700,"xVel":-2,"zVel":-10},{"trigger":60,"type":"Asteroid","x":-300,"y":200,"z":1200},{"trigger":62,"type":"Drone","x":0,"y":0,"z":700,"xVel":1,"zVel":-10},{"trigger":64,"type":"Drone","x":0,"y":0,"z":700,"xVel":2,"zVel":-10},{"trigger":66,"type":"Drone","x":0,"y":0,"z":700,"xVel":-1,"zVel":-10},{"trigger":68,"type":"Drone","x":0,"y":0,"z":700,"xVel":-2,"zVel":-10},
{"trigger":71,"type":"Shooter","x":-400,"y":0,"z":700,"xVel":6,"zVel":-8},{"trigger":72,"type":"Drone","x":100,"y":0,"z":700,"xVel":1,"zVel":-10},
{"trigger":73,"type":"Shooter","x":400,"y":0,"z":700,"xVel":-6,"zVel":-8},{"trigger":75,"type":"Asteroid","x":-200,"y":-250,"z":1200},{"trigger":80,"type":"Asteroid","x":200,"y":-300,"z":1200},{"trigger":82,"type":"Drone","x":100,"y":0,"z":700,"xVel":1,"zVel":-9},{"trigger":85,"type":"Drone","x":100,"y":0,"z":700,"xVel":1,"zVel":-9},{"trigger":87,"type":"Drone","x":100,"y":0,"z":700,"xVel":1,"zVel":-9},
{"trigger":94,"type":"Asteroid","x":-400,"y":-200,"z":1200},
{"trigger":96,"type":"Shooter","x":100,"y":0,"z":700,"xVel":0,"zVel":-10},
{"trigger":97,"type":"Shooter","x":-100,"y":0,"z":700,"xVel":0,"zVel":-10},
{"trigger":98,"type":"Shooter","x":200,"y":0,"z":700,"xVel":0,"zVel":-10},
{"trigger":99,"type":"Shooter","x":-200,"y":0,"z":700,"xVel":0,"zVel":-10},{"trigger":100,"type":"Asteroid","x":400,"y":-300,"z":1200},{"trigger":102,"type":"Drone","x":0,"y":0,"z":700,"xVel":2,"zVel":-10},{"trigger":104,"type":"Drone","x":-100,"y":0,"z":700,"xVel":-1,"zVel":-10},{"trigger":105,"type":"Asteroid","x":-250,"y":250,"z":1200},
{"trigger":106,"type":"Shooter","x":-300,"y":0,"z":700,"xVel":4,"zVel":-10},
{"trigger":107,"type":"Shooter","x":-200,"y":0,"z":700,"xVel":4,"zVel":-10},{"trigger":108,"type":"Drone","x":200,"y":0,"z":700,"xVel":0,"zVel":-11},
{"trigger":109,"type":"Shooter","x":300,"y":0,"z":700,"xVel":-4,"zVel":-10},{"trigger":110,"type":"Asteroid","x":-50,"y":-300,"z":1200},
{"trigger":111,"type":"Shooter","x":200,"y":0,"z":700,"xVel":-4,"zVel":-10},{"trigger":112,"type":"Drone","x":100,"y":0,"z":700,"xVel":-2,"zVel":-9},
{"trigger":116,"type":"Item","x":-190,"y":0,"z":700, "kind":"Nuke Item"},{"trigger":120,"type":"Asteroid","x":-280,"y":-250,"z":700},{"trigger":122,"type":"Drone","x":-200,"y":0,"z":700,"xVel":0,"zVel":-11},{"trigger":125,"type":"Asteroid","x":40,"y":250,"z":1200},{"trigger":126,"type":"Drone","x":-100,"y":0,"z":700,"xVel":3,"zVel":-10},{"trigger":127,"type":"Drone","x":-100,"y":0,"z":700,"xVel":3,"zVel":-10},{"trigger":129,"type":"Drone","x":-100,"y":0,"z":700,"xVel":3,"zVel":-10},{"trigger":130,"type":"Asteroid","x":-20,"y":250,"z":700},{"trigger":133,"type":"Drone","x":0,"y":0,"z":700,"xVel":2,"zVel":-9},{"trigger":135,"type":"Asteroid","x":200,"y":-100,"z":1200},{"trigger":137,"type":"Asteroid","x":-280,"y":-250,"z":700},{"trigger":139,"type":"Drone","x":-200,"y":0,"z":700,"xVel":0,"zVel":-11},{"trigger":141,"type":"Asteroid","x":40,"y":250,"z":1200},{"trigger":143,"type":"Drone","x":-100,"y":0,"z":700,"xVel":3,"zVel":-10},{"trigger":144,"type":"Drone","x":-100,"y":0,"z":700,"xVel":3,"zVel":-10},{"trigger":145,"type":"Drone","x":-100,"y":0,"z":700,"xVel":3,"zVel":-10},{"trigger":147,"type":"Asteroid","x":-20,"y":250,"z":700},{"trigger":149,"type":"Drone","x":0,"y":0,"z":700,"xVel":2,"zVel":-9},{"trigger":151,"type":"Asteroid","x":100,"y":-100,"z":1200},{"trigger":152,"type":"Asteroid","x":-180,"y":150,"z":1200},{"trigger":153,"type":"Asteroid","x":200,"y":-100,"z":1200},{"trigger":154,"type":"Asteroid","x":-280,"y":150,"z":1200},{"trigger":155,"type":"Asteroid","x":50,"y":-100,"z":1200},{"trigger":156,"type":"Asteroid","x":-50,"y":-250,"z":1200},{"trigger":157,"type":"Asteroid","x":100,"y":100,"z":1200},{"trigger":159,"type":"Drone","x":-100,"y":0,"z":700,"xVel":1,"zVel":-14},{"trigger":161,"type":"Drone","x":100,"y":0,"z":700,"xVel":-2,"zVel":-14},{"trigger":162,"type":"Drone","x":-100,"y":0,"z":700,"xVel":1,"zVel":-14},{"trigger":163,"type":"Drone","x":100,"y":0,"z":700,"xVel":-2,"zVel":-14},{"trigger":164,"type":"Drone","x":-100,"y":0,"z":700,"xVel":1,"zVel":-14},{"trigger":167,"type":"Drone","x":100,"y":0,"z":700,"xVel":-2,"zVel":-14},{"trigger":169,"type":"Asteroid","x":-100,"y":-100,"z":1200},
{"trigger":173,"type":"Shooter","x":400,"y":0,"z":400,"xVel":-4,"zVel":-10},
{"trigger":174,"type":"Shooter","x":-400,"y":0,"z":400,"xVel":4,"zVel":-10},
{"trigger":176,"type":"Shooter","x":400,"y":0,"z":450,"xVel":-4,"zVel":-10},
{"trigger":177,"type":"Shooter","x":-400,"y":0,"z":450,"xVel":4,"zVel":-10},{"trigger":178,"type":"Asteroid","x":-400,"y":-200,"z":1200},
{"trigger":179,"type":"Shooter","x":450,"y":0,"z":500,"xVel":-6,"zVel":-10},
{"trigger":200,"type":"Shooter","x":-450,"y":0,"z":500,"xVel":6,"zVel":-10},
{"trigger":202,"type":"Shooter","x":450,"y":0,"z":200,"xVel":-4,"zVel":-10},
{"trigger":203,"type":"Shooter","x":-450,"y":0,"z":200,"xVel":4,"zVel":-10},{"trigger":205,"type":"Asteroid","x":-300,"y":-150,"z":1200},
{"trigger":207,"type":"Shooter","x":450,"y":0,"z":700,"xVel":-5,"zVel":-11},
{"trigger":209,"type":"Shooter","x":-450,"y":0,"z":700,"xVel":5,"zVel":-11},
{"trigger":210,"type":"Shooter","x":50,"y":0,"z":750,"xVel":-5,"zVel":-11},
{"trigger":211,"type":"Shooter","x":-50,"y":0,"z":750,"xVel":5,"zVel":-11},{"trigger":212,"type":"Asteroid","x":-300,"y":-200,"z":1200},
{"trigger":213,"type":"Shooter","x":70,"y":0,"z":700,"xVel":-3,"zVel":-12},
{"trigger":214,"type":"Shooter","x":-70,"y":0,"z":700,"xVel":3,"zVel":-12},
{"trigger":215,"type":"Shooter","x":350,"y":0,"z":700,"xVel":-2,"zVel":-12},
{"trigger":216,"type":"Shooter","x":-350,"y":0,"z":700,"xVel":2,"zVel":-12},{"trigger":219,"type":"Shooter","x":250,"y":0,"z":700,"xVel":-5,"zVel":-12},
{"trigger":220,"type":"Shooter","x":-250,"y":0,"z":700,"xVel":5,"zVel":-12},
{"trigger":221,"type":"Shooter","x":50,"y":0,"z":750,"xVel":-5,"zVel":-12},
{"trigger":222,"type":"Shooter","x":-50,"y":0,"z":750,"xVel":5,"zVel":-12},{"trigger":224,"type":"Asteroid","x":-300,"y":-200,"z":1200},
{"trigger":225,"type":"Shooter","x":70,"y":0,"z":700,"xVel":-3,"zVel":-12},
{"trigger":227,"type":"Shooter","x":-70,"y":0,"z":700,"xVel":3,"zVel":-12},
{"trigger":228,"type":"Shooter","x":350,"y":0,"z":700,"xVel":-2,"zVel":-12},
{"trigger":229,"type":"Shooter","x":-350,"y":0,"z":700,"xVel":2,"zVel":-12},{"trigger":231,"type":"Item","x":150,"y":0,"z":700, "kind":"Health Item"},{"trigger":232,"type":"Item","x":-150,"y":0,"z":700, "kind":"Nuke Item"},{"trigger":250,"type":"Boss2","x":0,"y":0,"z":400}]